,Unnamed: 0,created_utc,body,subreddit,subreddit_id,permalink
0,0,1643635595,"Likely some combination of vaccine passport and forcing all guests to take an ATK test at first. Maybe they allow unvaccinated in with ATK test.  Hopefully vaccine passport is enough, but the clowns in this government pick their covid policies out of a hat so who knows",Thailand,t5_2qjw5,/r/Thailand/comments/sh0bye/will_only_vaccinated_people_be_allowed_in_bars/huznw1p/
1,0,1643430818,"I went to Muang Thong Thani (Bangkok) on the 24th and it was Chaos. At one point, they started turning away people who's visas expired in February, telling them to ""come back next week"" and reassuring them that it's all good even though the scheme ended on the 25th. That's when I knew that they got word that it was going to be extended.  People with visas expiring in January were told to ""come back tomorrow"".  Mine expired in Feb but I'd booked online which saved me from being kicked out.  Here's the link for that: [https://www.immigration.go.th/?page\_id=20131](https://www.immigration.go.th/?page_id=20131)  Queue online and arrive early so as to not cause issues. You should be able to bypass the queue of people, go directly to the desk, and show them the e-mail that you get after you make a booking. That'll save you a lot of time.  I've been here for 23 months extending every time and I used to write ""flights cancelled due to covid"" in my form. I was questioned on 4 occasions. One lady accused me of working here. The same one also questioned my ability to return home another time. Another (the angry one) questioned how I support myself and another time accused me of providing a false address. Asides from causing issues over nothing and being angry power trippers in general, that's about as serious as it ever got with the immigration ladies at MTT.  Here's how it all went down originally. I arrived at the start of March 2020. Before it was time to go, I went to MTT to get my extension. It was chaos, highly confusing, and it took forever. They had it in the big multi-storey car park next to the skyscraper, not in that little office building that hosts them now. The process took all day. You could get there, be sent to the 5th floor, and then they'd send row by row lower as people got processed. Eventually as the tourist numbers died down, they stopped hosting it there and moved it to the little building.   Initially it was a monthly stamp thing, then they changed it to 2 months, but they'd only give you a 2-week stamp after you'd paid and had your paperwork processed. After the 2 weeks you'd go back with just your passport and they'd stamp another 6 weeks onto it. This eventually changed to giving you the full 2 months on the first visit.  For some months, depending on the time you went, you could walk into the building and you'd be the only person there, or there'd be a few other people max. I think the fastest I've been in and out is about 10 minutes. It helped that I had a stamp that wasn't on the 1st of the month as that's when it was busiest. You may be able to push your stamp out by overstaying a day but I'm not sure any more.  It's been a wild ride of worrying that I'll be rejected of the scheme won't be renewed. I'm going to be changing to a marriage visa this time round to avoid any possible issues as it sounds like they're getting serious about it all. Strange that they want tourism to return, but don't want tourists staying in the country spending money.  I know that 23 months is extreme in my case, I'm not complaining.",Thailand,t5_2qjw5,/r/Thailand/comments/sejpil/updated_info_for_60_day_covid_extensions_anyone/huojlvw/
2,0,1643203714,"So much wrong and idiotic in your sour grapes response, but I think it will be educational to others if I respond point by point. I must say that I don't think I have ever seen a post in which every enumerated point was flatly wrong.  First off, I am not trading anything. I don't have to give up my US citizenship. Look up dual citizenship. India doesn't allow it, but they do allow citizens who obtain foreign citizenship to obtain a status that is pretty much the same. About the only important thing they cannot do is own agricultural land. I know, because I just spoke to an Indian who obtained Thai citizenship and he went through that process. You might want to check that out so you are more informed in the future.   a. PR is expensive, time consuming, and takes years. In any case, not necessary if you are married. Process averages 3-4 years start to finish.  b. It is not always easy to start a company under the US treaty, and many things are still prohibited. And it costs money and time. And reams of documentation.  c. Sure you have the right to stay under an O visa, which you need to apply for each year, and report every 90 days, etc. No more need for me to do that. At all. BTW, I can now enter Burma, Cambodia, Laos and some other countries visa free, which I could not do before. I can still use my US passport when overseas as that is perfectly legal and acceptable. Enter and leave Thailand with your Thai passport, and you can use whichever one you want overseas.   d. No need for me to negotiate for a higher pay package as I am mostly self employed. My part time Thai employer could care less. They pay me for the skill they need, not because I am a foreigner or Thai.  e. There is no requirement to renounce my US citizenship. The US government isn't accepting that anyway for the last several years, ostensibly because of COVID.  f. My kids are US citizens. My citizenship status doesn't affect their ability to immigrate to the US in any way whatsoever.   **Reread this until you understand this:**  Why would Thais see me as anything other than a farang? Citizenship doesn't change your ethnicity. I am a Thai citizen, with all the rights and responsibilities that entails. I am not ethnically Thai. What a nonsensical argument. I am sorry your experience here has evidently not been as pleasant a one as mine. You seem bitter than you are ethnically Indian. Why is that I wonder?  Throughout my time here, and throughout this process, I have never met a single Thai who had an issue with my living here or becoming a Thai citizenship. Not one. Every, and I mean EVERY, Thai official I dealt with during this process were extremely encouraging. And throughout the years I could not count the number of Thais who asked me why I hadn't changed my citizenship.  There are just too many benefits of my holding Thai citizenship to list here.",Thailand,t5_2qjw5,/r/Thailand/comments/sd1jjq/has_anyone_actually_succeed_at_becoming_a/huahj2e/
3,0,1643038507,I‚Äôve heard rumor that ‚Äúlosing‚Äù your passport and applying for a new one gives you a new passport number and the potential to start  the process over with Krupsa. Don‚Äôt know from experience. Got fed up myself between tragic school management and Covid so came home  for a bit. Didn‚Äôt really enjoy the process myself. We‚Äôll see.,Thailand,t5_2qjw5,/r/Thailand/comments/sbcsxp/eal_teacher_here_7_12_years_of_experience_a_ba_in/hu124ge/
4,0,1642831367,"You‚Äôll need:  1. Photo 2. Copy of any other stamps they‚Äôve given you, copy of visa, copy of passport page, copy of departure card. 3. 90 day receipt. They will do 90 day reporting for you when you go so you should already have this. If it‚Äôs your first visit then no need. 4. All the required documents to fill out which will be at immigration. Tell them you want a covid extension. 5. 1900 baht",Thailand,t5_2qjw5,/r/Thailand/comments/s9up5b/covid_visa_extension_documents/htpk6lm/
5,0,1642653927,"&gt;I always put down 'cancelled flights' which they were and the borders were closed to my country. But now they're open and there seems to be a way back. But I need more time to switch to a different visa type. Scared of being rejected this time.  They instructions given by Immigration, at Immigration literally has you fill the reason in as ""COVID-19"". No need to think of a reason yourself.  &amp;#x200B;  &gt;Every other time I go there one of the ladies makes a big deal about a non-issue. First I'm working without a permit. Then I'm lying about my actual address. They punish me by taking forever to process my passport. One time I got my dates mixed up and came in a day earlier than I'd booked. ""YOU LIE TO ME!!!"" and I had to come back the next day. Very angry ladies, the rest of the process is fine except their attitude.  They are just enjoying their power trip. Just smile, agree with everything, then be patient. Happens to everyone at some point or another.  &amp;#x200B;  &gt;‡∏ï‡∏≥‡∏£‡∏ß‡∏à‡∏ï‡∏£‡∏ß‡∏à‡∏Ñ‡∏ô‡πÄ‡∏Ç‡πâ‡∏≤‡πÄ‡∏°‡∏∑‡∏≠‡∏á‡∏û‡∏§‡∏ï‡∏¥‡∏Å‡∏£‡∏£‡∏°‡∏´‡∏¢‡∏≤‡∏ö‡∏Ñ‡∏≤‡∏¢‡∏Å‡∏±‡∏ö‡∏ï‡πà‡∏≤‡∏á‡∏ä‡∏≤‡∏ï‡∏¥‡∏°‡∏≤‡∏Å ‡πÇ‡∏õ‡∏£‡∏î‡∏ó‡∏≥‡∏Å‡∏±‡∏ö‡πÄ‡∏Ç‡∏≤‡πÉ‡∏´‡πâ‡πÄ‡∏´‡∏°‡∏∑‡∏≠‡∏ô‡∏°‡∏ô‡∏∏‡∏©‡∏¢‡πå‡∏û‡∏∂‡∏á‡∏õ‡∏è‡∏¥‡∏ö‡∏±‡∏ï‡∏¥ ‡∏ñ‡πâ‡∏≤‡∏Ñ‡∏∏‡∏¢‡∏Å‡∏±‡∏ö‡∏Ñ‡∏ô‡πÑ‡∏ó‡∏¢‡∏û‡∏ß‡∏Å‡∏Ñ‡∏∏‡∏ì‡πÑ‡∏°‡πà‡∏Å‡∏•‡πâ‡∏≤‡∏Ç‡∏∂‡πâ‡∏ô‡πÄ‡∏™‡∏µ‡∏¢‡∏á‡∏´‡∏¢‡∏≤‡∏ö‡∏Ñ‡∏≤‡∏¢‡πÅ‡∏ô‡πà‡∏ô‡∏≠‡∏ô ‡∏û‡∏≠‡πÄ‡∏´‡πá‡∏ô‡πÄ‡∏Ç‡∏≤‡πÄ‡∏õ‡πá‡∏ô‡∏ï‡πà‡∏≤‡∏á‡∏ä‡∏≤‡∏ï‡∏¥‡πÄ‡∏•‡∏¢‡∏ó‡∏≥‡πÉ‡∏™‡πà‡πÄ‡∏Ç‡∏≤ ‡πÄ‡∏Ç‡∏≤‡∏Å‡πá‡πÄ‡∏õ‡πá‡∏ô‡∏°‡∏ô‡∏∏‡∏©‡∏¢‡πå‡πÄ‡∏´‡∏°‡∏∑‡∏≠‡∏ô‡∏Å‡∏±‡∏ö‡πÄ‡∏£‡∏≤ ‡∏°‡∏µ‡∏≠‡∏≤‡∏ä‡∏µ‡∏û‡∏ï‡∏≥‡∏£‡∏ß‡∏à‡∏ï‡∏£‡∏ß‡∏à‡∏Ñ‡∏ô‡πÄ‡∏Ç‡πâ‡∏≤‡πÄ‡∏°‡∏∑‡∏≠‡∏á‡πÑ‡∏î‡πâ‡πÄ‡∏û‡∏£‡∏≤‡∏∞‡∏ï‡πà‡∏≤‡∏á‡∏ä‡∏≤‡∏ï‡∏¥ ‡∏°‡∏µ‡πÄ‡∏á‡∏¥‡∏ô‡πÄ‡∏î‡∏∑‡∏≠‡∏ô‡πÉ‡∏ä‡πâ‡∏ó‡∏∏‡∏Å‡∏ß‡∏±‡∏ô‡∏ô‡∏µ‡πâ‡πÄ‡∏û‡∏£‡∏≤‡∏∞‡∏ï‡πà‡∏≤‡∏á‡∏ä‡∏≤‡∏ï‡∏¥‡πÄ‡∏Ç‡πâ‡∏≤‡∏°‡∏≤‡πÉ‡∏ô‡∏õ‡∏£‡∏∞‡πÄ‡∏ó‡∏®‡πÑ‡∏°‡πà‡πÉ‡∏ä‡πà‡∏´‡∏£‡∏≠??? ‡∏ó‡∏≥‡πÑ‡∏°‡πÑ‡∏°‡πà‡∏û‡∏π‡∏î‡∏Å‡∏±‡∏ö‡πÄ‡∏Ç‡∏≤‡∏î‡∏µ‡∏î‡∏µ ‡∏û‡πà‡∏≠‡πÅ‡∏°‡πà‡πÑ‡∏°‡πà‡∏™‡∏≠‡∏ô‡∏´‡∏£‡∏≠ ‡πÄ‡∏ß‡∏•‡∏≤‡∏Ñ‡∏∏‡∏¢‡∏Å‡∏±‡∏ö‡∏Ñ‡∏ô‡∏≠‡∏∑‡πà‡∏ô‡∏ï‡πâ‡∏≠‡∏á‡∏™‡∏∏‡∏†‡∏≤‡∏û ‡∏´‡∏£‡∏∑‡∏≠‡∏≠‡∏á‡∏Ñ‡πå‡∏Å‡∏£‡∏™‡∏≠‡∏ô‡∏Å‡∏±‡∏ô‡∏°‡∏≤‡πÅ‡∏ö‡∏ö‡∏ô‡∏µ‡πâ???  This Thai person must not have been to other government offices, like Transport, Labour, etc. because government front line staff love doing the power trip thing, and are equal opportunity a-holes, regardless of your race or nationality.",Thailand,t5_2qjw5,/r/Thailand/comments/s7je2h/visa/htf3me0/
6,0,1642312201,"Are you no longer eligible for the reason why you were given the Non-immigration O? I‚Äôm fairly sure you can extend for another year depending on your circumstances albeit someone who is on a non-immigrant O might be able to better clarify.  That being said, the requirements for a COVID extension  are fairly simple. You‚Äôll need the following; at least one 4x6cm passport style photo, photocopies of your information page and your visa/entry stamp in your passport as well as your departure card. Photocopies can be done at immigration for pocket change but you may be stuck in a long line depending on the office and time of day.  Once you have everything you‚Äôll go up and ask the immigration officer for the COVID extension form which is just a standard TM.7 extension package but with another page. To err on the side of caution, bring your own pen as they may not have any for you to use. Once your form is filled out and checked they‚Äôll give you a number, then it‚Äôs fairly standard. You go up, hand over your package of documents and exactly 1900 baht in cash then you sit around for a bit while they review it.  For me, I‚Äôve had mine granted the same day but others have reported getting an under consideration stamp where they just show up next week and get the stamp anyway.",Thailand,t5_2qjw5,/r/Thailand/comments/s535n7/covid_visa_extension_which_documents_to_bring/hsva89g/
7,1,1642326492,"&gt; I forgot the 30 day visa on arrival went out with Covid  At some point - you need to give up.   There was never a 30-day visa on arrival. A VOA is 15 days and applies to citizens of some countries such as China and India. It's a visa they have to apply for and pay 2,000 baht on arrival at the airport.   &gt;went out with Covid and is now a visa exempt entry,  Never was. Visa-exempt entry has always been thing going back years, and probably a lot longer again. When I first got here, I've got a passport full of visa-exempt entries. Until about 2015-2016, unless you were from certain countries, visa-exempt was 15 days when entering through a land border. Others 30 days. In 2013, I filled my passport with them.",Thailand,t5_2qjw5,/r/Thailand/comments/s548zz/60_day_covid_extension_vs_60_day_tourist_visa/hsvu368/
8,0,1642256686,"I don't reply to private messages.  You suggested that maybe 90 day reporting doesn't apply to Covid extensions.  I doubt that's true since 90 day reporting applies to all visas, but don't sweat this.  Just go to immigration and ask if you have to do 90 day reporting.  If they say yes, which I think is what will happen, just say you didn't know, pay the fine and get your paper put into your passport.  If they say no, no problem.  The confusion may have come about because most tourist visas are shorter than 90 days and the problem never arose.  But with the Covid extensions these short term visas suddenly got extended.  I can't find anything on government websites, but some sites, [like this one](https://www.thaiembassy.com/travel-to-thailand/covid-19-guide-for-travelers-in-thailand), say:  &gt; If you are a foreigner staying in Thailand for a period longer than 90 consecutive days holding a Non-Immigrant Visa or Extension of Stay, you are required by Thai Immigration to report your current address every 90 days. You may file for the TM47 notification in person, by mail, online, or by an agent.   which is what I expected.",Thailand,t5_2qjw5,/r/Thailand/comments/s4id21/is_a_photocopydigital_version_of_an_idp/hsrnink/
9,0,1641988769,"There were a lot of regulation that change over last two years. Also regulation usually came in verbal during conference before documentation.   At first foreigner had to pay for medical service. Then COVID patient definition for UCEPCOVID also include any person. I am not sure which document that state about this things. But I can confirm by asking my financial department of my hospital just today. I am working for Home Isolation, if patient has valid passport, no cost we ask for.   If you encounter any problem. You can call Department of Heath Service Support Tel 1426 [Only in Official hours] This department control all private hospital including hospitel that hospital provide services.",Thailand,t5_2qjw5,/r/Thailand/comments/s20qh7/mister_prakan_allianz_insuranceanyone_have_their/hsc6q8w/
10,0,1641900423,"My AXA travel pass insurance was 155 euro. OP states euro so I assume residential status in Europe. Maybe you come from a higher risk country but for me from Germany things have been cheap. AXA policy name ""Individual Inbound Travel Insurance Policy"" this for the exact max visa free time I can stay on a German passport. Thaipass application is free. Visa not needed for OP if he's Euro zone.  As I've stated I have done all 3 version of entry since covid started and never paid 2k euro. Maybe I just do better research. In the end, it's the internet you believe what you want and I enjoy my Chang.",Thailand,t5_2qjw5,/r/Thailand/comments/s0k2v8/i_fell_for_the_english_center_scam/hs70ebu/
11,0,1641390241,"I've had 6 covid extensions. I have to go in the next day for a ""final"" one. On an American passport. My job was supposed to get my a visa but it hasn't been processed yet. Am I safe to get one? Will I be rejected? Any experiences?",Thailand,t5_2qjw5,/r/Thailand/comments/rt72t0/covid_information_travel_tourism_and_general/hrcp6nj/
12,0,1641317820,"It all makes sense if you just take corruption into account. The hospitals obviously want to squeeze as much out of the covid insurances as possible. I was nearly one of those. Had a really bizarre test &amp; go experience. Where the hotel told me, they need to have me in the hotel for another day and do a new test, because something apparently went wrong with my test and they couldn‚Äôt say if I was positive or negative. First sign of scam and cash grab. I then talked to someone from the hospital directly and I asked what went wrong. They probably didn‚Äôt expect the farang to be fluent in Thai (I‚Äôm half, but traveling with my European passport). They basically couldn‚Äôt answer my question, only that they need to take a new sample and do a new analysis. I asked for my CT value, which they certainly should have after doing the test. But they couldn‚Äôt tell me. At this point I was getting really suspicious and told them, even though still in a polite way. The hospital employee hung up and wanted to call me back 5 minutes afterwards. So they called me back and told me it would take 1 hour for them to do a new analysis, but at the same time the person was certain that I‚Äôm gonna be negative. I suspect that they let me off the hook, after knowing that I‚Äôm fluent in Thai and not scared of asking questions. After talking to the hotel employee in charge I only then got to know that the hospital would do this with many other tourists, but I was the only one they skipped the second night of quarantine on. I Maybe I‚Äôll do a whole post about it.",Thailand,t5_2qjw5,/r/Thailand/comments/rvj65e/welcome_to_2022_rant/hr8khxj/
13,0,1641000591,You show up to immigration near the end of your 30 day visa exempt stamp in your passport. You fill out the application form for the Covid extension (as long as it‚Äôs still currently available). Pay your 1900baht. Wait in line to get approved for your Covid extension which will give you an under consideration until (with a date approx 30 days later). You will show back up at immigration with your passport/stamp and wait again until they stamp you in for another 30 days. They will tell you that you need to go home to your country and this is the last one. You wait until that 30 days is almost over and you repeat the process if you still can‚Äôt travel and if the extension is still available.  You may also need to provide the arrival stub in your passport (TM65 I believe) and a TM30 from your hotel or wherever you‚Äôre staying.,Thailand,t5_2qjw5,/r/Thailand/comments/rsuet1/visa_extension_no_flights_back_to_home_country/hqr6fpy/
14,0,1640522739,"BP now reporting about the EU and Thailand agreeing to accept each other's certs. No mention of Sinovac or what exactly ""connected to the EU Digital Covid certificate system"" means in practice still though. They do mention though that it is the Vaccine Passport is accepted now and the Digital Health Pass will be accepted in January.   https://www.bangkokpost.com/thailand/general/2237571/eu-accepts-thai-covid-certificate",Thailand,t5_2qjw5,/r/Thailand/comments/r61lam/covid_information_travel_tourism_and_general/hq0qld6/
15,0,1640149467,"42% of 12000 is around 5000 So in 2 years, 5000 kids worldwide died WITH COVID-19. If you take into account that every kid that dies with a positive COVID test gets into this statistic, while the cause of death might be something completely different, the real amount is minuscule.  Therefore vaccinate ALL kids worldwide with a vaccine with unknown long-term side-effects, especially thinking of things that can just be known in 10-20 years like fertility, is absolute madness. The unknown side-effects of the swine flu vaccine were just discovered after several years.  Not even talking about the definite ‚Äûside-effects‚Äú of governmental control, like the implementation of a digital vaccination passport to track and trace even the youngest. No matter where you go, check in and out with your digital trace and being forced to do that.  When I look at my downvotes, it seems like many people just completely lost their mind based on fear-mongering.",Thailand,t5_2qjw5,/r/Thailand/comments/rlhpv1/kids_511_allowed_pfizer_shot/hpis46s/
16,1,1640172758,"He left the hotel without checkout out, and without his passport.  He knew full well he was circumventing the rules, and probably knew he was Covid positive.  Why else would he not wait for the result and check out properly?",Thailand,t5_2qjw5,/r/Thailand/comments/rly7lj/police_search_for_infected_tourist_who_left/hpjncb6/
17,0,1640059530,"6. ""When purchasing a personal insurance policy for coronavirus infection (2019-nCoV), the insured must reside in Thailand. (For foreigners, they should have Passport and Work permit or have resided in Thailand for more than 6 months)""  [https://www.dhipaya.co.th/en/product-detail-10-37-12.html](https://www.dhipaya.co.th/en/product-detail-10-37-12.html)  850 Baht for 1 year. Foreigners up to 99 years old. 1,000,000 baht death benefit / 100,000 baht medical treatment for Covid-19 for 1 year.",Thailand,t5_2qjw5,/r/Thailand/comments/rkmetm/covid_insurance_for_when_already_in_thailand/hpduudf/
18,0,1639467073,"Correct. I live in Germany. 2 weeks ago I left to the USA and came back yesterday. ( Flew into Spain ) you show your vaccine.   When you arrive in EU, take your vaccine and passport for a pharmacy and they will get you a qr to download the COVID app",Thailand,t5_2qjw5,/r/Thailand/comments/rg1jdv/does_a_thai_citizen_require_a_vaccine_passport_to/hohi4g1/
19,0,1638555488,"Ouch, we're pretty worried as we have needed to resubmit with only 6 days - and 5 full days - remaining. I have had both thai passes come through within hours but my partner still doesn't have her first.     We both have EU COVID certs, naturally the same hotel too - however, I'm European and she has a SE Asian passport. Anecdotal, but we're wondering if the passport/nationality makes a difference on speed.",Thailand,t5_2qjw5,/r/Thailand/comments/r7c51t/sha_extra_plus_differentiation_needed/hn3hdu9/
20,0,1638400214,"I arrived BKK last night. Flights were from SEA to ICN to BKK. At SEA, the only thing checked was Covid test. At ICN, Korean Air has a separate transfer desk devoted to Thailand travel. They checked vaccine card, passport, insurance, hotel, and Thai pass QR code. The process took about ten minutes. At BKK you exit the plane, walk a bit and sit in a chair. A attendant checks your documents and pulls the one you need going forward - Covid test, Thai pass qr code, boarding pass, and TM6. Then you carry those documents to the Thai pass checkpoint where they scan the qr and stamp the TM 6. After that, hike to immigration. Immigration is pretty much the same as ever except they have added a face photo. After exiting customs, you will see a large number of tables with an even larger number of hotel placards. There are attendants there who will help you find the hotel. 5 minutes wait for the driver and I was on the way to the hotel. My flight landed at 2320 and I was in the car within thirty minutes. One stop in the way to the hotel for Covid test.  Compared to the process for travel approval, the actual travel process is quite efficient (at least it was yesterday).",Thailand,t5_2qjw5,/r/Thailand/comments/r6rtex/travel_process/hmuyx1d/
21,1,1638468354,"I booked my hotel from the Agoda site. I chose the Siri Sathorn Bangkok which is listed as Sha plus+.  I payed 120 usd.  I got an email from the hotel themselves asking for my passport and itinerary. They sent me a letter (attached in email response) which confirmed I had a pickup from the airport, food, and a covid test included in their package.",Thailand,t5_2qjw5,/r/Thailand/comments/r7c51t/sha_extra_plus_differentiation_needed/hmyk4ob/
22,0,1638339417,"As others have said, it has to be in person as they take a picture. For both my previous two year and five year licenses, they took digital photos of me at the DLT.  I'm in the process of renewing my five year now. On November 23rd, I went to the DLT to make the appointment. I believe it is all done by appointment because of Covid. The earliest appointment I could get was Dec 3.   That gave me time to get the required documents together. Three passport photos (150 baht for a set of four) for my residence certificate (300x2=600 baht). Medical certificate 100 baht. The fees for motorcycle and car licenses are 355 and 605 baht. So a total cost is 1810 for me.  Before going, I asked an agent how much and they wanted to charge 3500 for one license + 500 for the second + 1000 for the residence certificate = 5000 baht. I'm not convinced the service they provide is worth the additional 3190 baht, though 1000 for the residence certificates would be worth not having to go to immigration.",Thailand,t5_2qjw5,/r/Thailand/comments/r665ai/thai_drivers_license_renewalin_person_requirement/hmrlh5u/
23,0,1638280211,"I can confirm this for you. Myself and 2 other tourists were all denied a Covid extension at a Bangkok immigration office and told to show proof we had departing flights. This was about 1.5 weeks ago.   I didn't know the other people, just overheard their situation, and then the same thing happened to me. The immigration office gave me two options.   1. Return with a ticket showing I was leaving Thailand on or before 29/01/2022. 2. Leave Thailand on or before 28/11/2021 and just come back in after a day or two.  I chose the 3rd option, which was to pay a visa agent to get me the extension. They returned my passport in 3.5 days.  While neither here nor there, I am planning to leave Thailand on or before the 29th when my next visa extension is due to be renewed. Due to Covid I've been held up here longer than planned and need to continue my travels. If Thailand doesn't bring back the volunteer visa, I will leave permanently when my condo lease is up.  My country (Dutch), nor America (I am a Permanent Resident Alien) treats foreigners or nationals this way if they have paid or gone through the legal process to stay in the country long-term.",Thailand,t5_2qjw5,/r/Thailand/comments/r5j4oc/covid_extension_question/hmnu1cj/
24,0,1638110184,"If you already thought is was going to be bad why did you come here? No one is looking at you thinking you are infected. It's not as if you are the first person to enter the country since Covid was a thing. Police searches are definetly uncomfortable and ludacris, despite their ridiculousness, had you had your passport or photos on phone, as required, you would have had a better experience. You knew what you were coming into and are now complaining that it is happening.",Thailand,t5_2qjw5,/r/Thailand/comments/r45122/stopped_and_searched_by_police_in_banglampu/hmejshp/
25,1,1638113729,The police are all needy now. They have a shit salary and need to be shaking down people for the whole department to get paid. Covid has really hurt the police's earning power all over Thailand. Have a copy of your passport with you at all times. Always look for a quick financial way out of any encounter with the BIB. 500-1000 baht? Money well spent.   This is nothing. Stay home next time.,Thailand,t5_2qjw5,/r/Thailand/comments/r4503a/stopped_and_searched_by_police_in_banglampu/hmer33h/
26,0,1637982980,"Went through BKK yesterday. This is what they asked for:  * passport (duh) * flight ticket/boarding pass for the incoming flight * thai pass * negative pcr test * T6 form (this was given to us to fill out on the plane) * visa * paid hotel confirmation  My visa and hotel confirmation were only wanted by immigration, but everything else was asked for at pretty much every stopping point. I'm going to confirm other reports about the whole thing being a very easy, breezy process - they have tons of people out on the floor directing you where to go on top of physical barriers herding you to the right places. Everything moved very smoothly. From stepping out of the plane to grabbing my luggage, I'd say it took maybe ten minutes. They didn't give a shit about my covid test having been taken four days before my arrival, and they didn't ask about any onward travel (maybe because it's on my visa somewhere? idk, i don't see it).  When you get out of the airport keep your passport and pass out, I've been asked for my passport like three times by hotel-related staff. Also the hotel check-in lady wanted to keep my Thai Pass; I had to ask her to make a copy because I only brought the one print out. The hotel I chose (The Green View) does their test on site immediately after check-in; it was administered around 1:30PM and she told me the results would come in at 1AM.",Thailand,t5_2qjw5,/r/Thailand/comments/qk40mp/covid_information_travel_tourism_and_general/hm8cvyg/
27,0,1637813330,"I am replying to my own post because I just received the Thailand Pass today.  I am from California, USA.  I submitted a jpg image of my paper vaccine card for both doses.  It doesn't have a QR code or a passport number on it.  I got my Digital COVID-19 Vaccine Record from:   https://myvaccinerecord.cdph.ca.gov/  I used Microsoft Paint to crop the QR code from the Digital COVID-19 Vaccine Record.  I submitted the QR code jpg image for the QR code for both doses.  My Thailand Pass was automatically approved in less than one minute.  Here is an article about how to get a digital vaccination certificate from the states in the USA that provide them:   https://www.afar.com/magazine/how-can-i-get-a-vaccine-passport",Thailand,t5_2qjw5,/r/Thailand/comments/ql8xab/my_thailand_pass_was_rejected_due_to_vaccine_type/hlzslm8/
28,0,1637589180,"It‚Äôs a massive and accelerated market adaptation to limited travel due to COVID and increased dependence on social media and remote work models.    Trending towards Redirects to IG, Tiktok and OF, in hopes of generating revenue and/or gaining real passive income streams by leveraging the social isolation features of the pandemic.   This manifests as a big shift to exploit Tinder‚Äôs passport feature to ‚Äútransplant‚Äù their profile to another geographic location (think - London, NY, Sydney, LA, Zurich, etc.).    Basically they are looking to match with people located in 1st-world, wealthy countries, in order to skip the cheap Charlies and tap directly into those $$ markets.  It‚Äôs a brilliant strategy from a marketing/commerce perspective.",Thailand,t5_2qjw5,/r/Thailand/comments/qzel10/tinder_in_2021_is_it_no_longer_a_good_way_to_meet/hlmz9ck/
29,0,1637549316,"In my opinion, if you force income regulations for a Digital Nomad visa in combination with extensions of stay, you destroy the nature of being a digital nomad.   If you have to prove your income, you will need to have the status of a regular employee living abroad for the company in your home country.  For me, a digital nomad is a person who has broken all the official connections with his home country and needs nothing back. They pay no taxes and don't demand support from the home country in social security.  They work for companies organizations, but there is no official contract.   Most of the (European/Belgian/Netherlands digital nomads I know:  - the ask for a new international passport  - inform their home country that they leave  - and stay under the radar for 6 1/2 years. (They have to renew their passport after 7 years)  Most countries have a law that you need to inform the government that you leave, but you are not forced to tell them where you go or stay.  After 6 1/2 years, they inform the local embassy that they are in their jurisdiction, and if needed, register at the embassy and ask for a new passport. Or they go, for a short time, back to their home country for a new passport.  They work but are paid in Bitcoin or Monero. There is no official registration of their income.  To stay in Thailand, they follow the official ""rules."" Long-term based on education, or married with a Thai partner, or before covid, the border runs.   For me, this is entirely different than a person who works officially for a (European) company and has his salary on a European bank account.  Most people who use a European bank have to inform the bank of their official address outside Europe. (And several banks in the Netherlands and Belgium start to close the accounts if you live outside the European Monetary Union)  Or they have to inform their government where they live because they have to pay taxes on their income.  For them, it will be easy to prove the Thai government their official income, but are you still a digital nomad?  (Of course, many people don't inform their bank or government that they moved to Thailand. They wish to keep the advantages of social security and their bank accounts based on an official address in their home country)  You are more a regular employee, with an address in Thailand.",Thailand,t5_2qjw5,/r/Thailand/comments/qytz2k/digital_nomads_stuck_in_grey_area/hllc3sm/
30,0,1637214946,https://www.bumrungrad.com/en/blog-news/covid-19-vaccine-passport,Thailand,t5_2qjw5,/r/Thailand/comments/qwiyfw/does_anybody_know_where_can_i_apply_for_covid/hl37ru3/
31,1,1637227103,"There is currently no internationally recognized Covid Vaccine certificate.   Whether you have this passport or not, you need to validate with authorities for your transit and destination if the vaccination documentation is acceptable. This passport, created by the Thai authorities has, as far as I know, never been the subject of an agreement of validity with other countries.  There are, to date, no reports of people being denied the use of the vaccine certificate delivered by the Thai hospitals.  For now this passport only gives the illusion of being ""more official"" but doesn't give any extra value internationally.",Thailand,t5_2qjw5,/r/Thailand/comments/qwiyfw/does_anybody_know_where_can_i_apply_for_covid/hl3nuyd/
32,2,1637229351,"Read the article you posted. It explains that this model of passport has essentially been used only for Yellow Fever and Malaria.  In the COVID 19 section they then explain that while some countries have ""attempted"" to do the same for the COVID vaccination but that for now there's no internationally accepted standard and that work is still ongoing on the topic and heading towards a digital certificate rather than an physics document.  By all means, if it makes you feel better to get that piece of paper, go ahead. But I have yet to hear of any place that would refuse a local vaccination certificate but accept this passport.",Thailand,t5_2qjw5,/r/Thailand/comments/qwiyfw/does_anybody_know_where_can_i_apply_for_covid/hl3qh4b/
33,3,1637253690,"It‚Äôs actually a health passport with vaccination history details within the passport, it isn‚Äôt a COVID vaccination passport, I have had one of these yellow booklets for years, I obtained it in Bangkok for travel to certain countries that required yellow fever vaccination, there are spaces within the booklet for other vaccine history entries",Thailand,t5_2qjw5,/r/Thailand/comments/qwiyfw/does_anybody_know_where_can_i_apply_for_covid/hl4zwz1/
34,0,1637142702,"I can answer my own question as I bit the bullet yesterday and did my application.   I didn't find the system buggy or unstable, so I guess the initial problems in the beginning of November have been fixed.   For all documents they request, they still don't accept PDFs. Only jpeg and png are accepted.   For health insurance I had a letter from my home insurance company confirming my plan covers travel health costs in excess of 50,000 USD and that the plan covers Covid costs.   For vaccination proof I uploaded a paper from my doctor's clinic confirming the first dose, and then uploaded my Swedish Covid vaccination certificate for proof of second dose and thus being fully vaccinated.   After submitting my application I immediately received an email confirmation that my application had been received, and 30 seconds (!) later received a second email saying I have been approved, with my Thailand Pass and QR attached as a PDF.   With such a quick approval I assume their system was able to read some of the docs such as passport page and vaccination certificate (which has it's own QR code) automatically and thus approve me with having a human reviewing the application. In other words, my guess is that high-quality scans of at least passport and vaccination proof probably speeds up the approval process.   In all it took me about 2 hours to get the documents in order and make my application.",Thailand,t5_2qjw5,/r/Thailand/comments/qv3dz7/thailand_pass_arrival_process_from_someone_that/hkyy3gt/
35,0,1637080031,&gt; Private hospital will also give you a self covid test to take on day 7. (Show passport)    Is that for your own benefit or do you have to return to the hospital 7 days later to show results? I would be a long way from Bangkok after being released the next day.,Thailand,t5_2qjw5,/r/Thailand/comments/qv3dz7/thailand_pass_arrival_process_from_someone_that/hkvb51l/
36,1,1637098089,"From thailand or to thailand?     If to thailand where a thailand pass is required I did the following to smooth the process. It got approved on my first attempt. It didn't cost anything either. I guess if it gets denied you'd just have to reapply again.   I got my thailand pass fairly easy.   I basically scanned my covid vaccination, then typed in my full name, passport #, Nationality, and Country as part of the ""canvas"" on gimp or photoshop. so it's directly below the covid vaccination.   I also attached my health insurance plus my insurance cards in the same document since you can only upload 1 document per option.",Thailand,t5_2qjw5,/r/Thailand/comments/qv3dz7/thailand_pass_arrival_process_from_someone_that/hkwl981/
37,0,1636860871,"That's right That's why everyone got covid in 2021 ;) üç∏I got there last December came back this October.  There was  no checking on any "" vaccine passport """,Thailand,t5_2qjw5,/r/Thailand/comments/qsxzqw/vaccine_passport_requested_inside_thailand/hkjj1e9/
38,0,1636638138,"Thai Pass approval for traveler from US:  I applied on Nov 4th and was just approved today (Nov 11). I submitted the SHA page from my hotel in Bangkok, CDC card from US with my nationality and passport number handwritten on the front (no QR code), AXA Swasadee certificate page, and screengrab from my airline's booking page to confirm return flights.  No additional requests or questions were asked. I received the automated reply when I initially submitted my application, too.  Edit: Just scanned my own QR to see what comes up, and it's only my name, approval date, DOB, which vaccine I received, and the dates on which I received my 2 covid vaccines.",Thailand,t5_2qjw5,/r/Thailand/comments/qk40mp/covid_information_travel_tourism_and_general/hk78uf9/
39,0,1636462014,"Hi all, just to add my 2 cents.  My girlfriend and I just got approved today after about 3 full working days since registering. Our flight is on 16th Nov.  My situation:   I am South African and we only have around 200 covid cases a day atm but still we are considered a medium risk zone even though some European countries are at 25 000+ a day and low risk... don't understand that logic. Anyway so we needed to apply for the sandbox setup.  You can imagine how stressed we were about our vaccine certificate QR code not being recognised because South Africa is usually behind on everything or not even thought about before the richer countries so there was very little faith it would go through smoothly.  We uploaded through: - Gmail,  - Used ordinary passport - South African vaccine certificate + separate pic of vaccine QR code. Our vaccine certificate showed our ID numbers but not passport numbers (so I wouldn't worry about editing that in like some people have)  - For accomadation we just used our SHABA certificate which we requested from sha+ hotel and entered the SHABA number provided  into the booking ID part. - AXA insurance certificate showed specifically that covid is covered.   I was honestly the most stressed and strung out I have ever been, I registered a few times on different emails, because I was so scared I had done something wrong. I called my countries Thai embassy who could not help, I tried calling that helpline they provided but noone answered, couldnt sleep or eat.. But my girlfriend remained calm and only made one application without reapplying 50 times like me and at the end of the day we both got the approvals and she got hers 1 hour before me!!  That being said, the best advice I can offer is; STAY CALM. I have not seen many cases of anyone being out right denied yet, we are all rightfully stressing because we are in the first few weeks of the system operating and are essentially guinea pigs! I know it sucks but it had to start somewhere and I truly believe that as long as you made your application with at least 3 full working days to go I am pretty certain they will approve you!   One thing that I noticed did go through is the email to support@tp.consular.go.th they only answered me straight after I had been approved and said that I am already approved - lol-  but it was confirmation that the email line does indeed work! You must just make sure to give your full name, passport number and arrival date at the start if your email.  Good luck to all those still waiting, I can empathize with how shitty you must be feeling but hopefully this post gives you some peace of mind that you are most likely just over reacting to the worst case scenario whereas in reality everything will be ok.",Thailand,t5_2qjw5,/r/Thailand/comments/qlx4w4/useful_information_about_thailand_pass/hjxh1g4/
40,0,1636370408,"France will accept your Thai QR code and then want you to import it into the ""Tous Anti Covid"" app for restrictions applicable there.  The vaccine passport will be disregarded altogether because it's not secure.",Thailand,t5_2qjw5,/r/Thailand/comments/qp8v94/is_the_yellow_thailand_vaccine_passport_book/hjsibvw/
41,0,1636010086,"A 30-day extension to a 30-day visa exemption is a common procedure, and not the same thing as a Covid extension.  &gt; Upon entry, Thai immigration officials will place an immigration stamp in the passport permitting a 30-day stay in Thailand if arriving by air or land. This time limit may subsequently be extended for an additional 30 days by paying a 1,900 baht fee to the Thai Immigration Bureau office  https://th.usembassy.gov/u-s-citizen-services/thai-visas-americans/",Thailand,t5_2qjw5,/r/Thailand/comments/qk40mp/covid_information_travel_tourism_and_general/hj971gc/
42,0,1635860412,The covid vaccination passport is not required or useful for coming back to Thailand you need your covid vaccination certificate with the QR code.  The vaccination certificate which has a QR code will be processed much faster than the Thai covid vaccination passport that has no QR code.,Thailand,t5_2qjw5,/r/Thailand/comments/ql1x1a/here_is_the_information_about_required_documents/hj0db60/
43,1,1635888621,Thanks I will.   I have EU vaccine passport. We have only one passport after 2 doses.   And I have not uploaded my prepaid covid test receipt. There was no place for it?  I keep you updated.,Thailand,t5_2qjw5,/r/Thailand/comments/qlaoc2/thailand_pass_process_time/hj2bu0b/
44,2,1635890851,"How trustworthy is the asq.in.th website for booking a 1 night quarantine package? I requested one of the listed hotels and I got a mail asking me to send some documents like covid insurrance, passport, etc. I didn't understand how to pay them so I asked them in the mail how to pay, but no answer so far (understandably, it's still night in Thailand). But I see other people on internet that the hotel asked to send them credit card info or pay by banktransfer. I did send them my passport and covid insurrance stuff already though, but not payed anything so far. However, I found that on Agoda they also offer 1 night quarantine packages in Bangkok, which I'd rather book than on the other website because I trust Agoda. But since I already send the hotel from asq.in.th some of my documents, I'm not sure if it's better to book on Agoda anyway or just wait for the asq.in.th hotel and pay them.  Thanks in advance",Thailand,t5_2qjw5,/r/Thailand/comments/qk40mp/covid_information_travel_tourism_and_general/hj2hl9c/
45,0,1635687680,"1. Google tells me that there is an immigration office on Koh Phangan and chances are if you ask for a TM.7 form they will have it.  2. Technically, regardless of location you can only do one 30 day extension, this is stamped into your passport and takes up almost half a page. Depending on how things line up you may be able to get the 60 day COVID extension but it‚Äôs not as much of a sure thing as the standard 30 day extension.  Keep in mind that you still need a 4x6 cm passport style photo, photocopies of both your information page, and any Thai stamps in your passport related to your current stay, in addition to 1900 baht exactly.  3. Personally I have no experience in that regard so I‚Äôll leave it to others.",Thailand,t5_2qjw5,/r/Thailand/comments/qjpdrz/30_day_visa_extension_questions/hirgyr3/
46,1,1635698575,"First, when you go to immigration, be sure you understand that what you likely have is a visa exempt entry, not a visa on arrival. Visa Exempt is when they just stamp your passport for 30 days when you arrive. Visa on Arrival is a separate scheme that is required for passport-holders from about 20 countries that don't qualify for Visa Exempt, like India and China, and requires that you apply and pay for a visa at the special kiosk at the airport when you land.   Second, as others have pointed out, visa exempt, tourist visas, and visa on arrival can only be extended one time for 30 days. The covid extension is a special program that is set to expire on 26 November currently unless they extend it further. It grants 60 days and is renewable repeatedly as long as the covid extension program continues. However, immigration only grants the 60 day covid extension after you get your normal 30 day extension. So, given that you haven't gotten the 30 day extension yet, the covid extension program is currently set to expire before your 30 day extension would end, so you likely won't be able to get that extension.   As far as immigration office, you will have to go to Samui and there are plenty of ferries between the islands. It's a routine trip that any person you ask in Koh Phangan will know how to do.",Thailand,t5_2qjw5,/r/Thailand/comments/qjpdrz/30_day_visa_extension_questions/his4r9m/
47,2,1635734466,"Why 68 days? that's a really oddly specific number, if you only do 60 days you can get away with just going using a tourist visa and renewing once, and depending on your situation, that might be a much easier route.    Sorry do you mean you have both a UK passport and a US passport, or your are a group of 2 people one with UK and one with US passport?  For UK passport - you apply through the Thai Embassy in the UK either online or in person (online is pretty straight forward but you still have to go and drop off your documents in person for them to be checked) https://london.thaiembassy.org/en/publicservice/84451-tourist-visa   You will need:  * Passport or travel document with a validity not less than 6 months * Visa application form (filled out) * Recent 4x6cm. photograph of the applicant * Round-trip air ticket or e-ticket (paid in full) * Proof of financial means (20,000 baht per person/40,000 baht per family) * Proof of Hotel or private accommodation    Not sure what the rules are for the new Thai Pass due to COVID so please check with the Embassy in UK but will likely require (on top of the above)  * Proof of vaccination status * hotel booking confirmation for day of arrival  * Travel health insurance (minimum coverage 50,000 USD)",Thailand,t5_2qjw5,/r/Thailand/comments/qjxd1h/help_hi_uk_passport_holder_and_us_passport_holder/hiuabzy/
48,0,1635153405,"Yeah I used to use a Rabbit card but then they wanted me to re-register and take my passport in *again* when the linked debit card expired, and I can't be bothered jumping through all the hoops again!  If/when traffic goes back to pre-Covid levels I'll sort it out, but I haven't had to wait in line at a machine often or for long as yet...",Thailand,t5_2qjw5,/r/Thailand/comments/qet2ve/are_there_weekly_or_monthly_bts_passes/hhysj2k/
49,0,1635051560,"Depends on the embassy you're applying from. For example, in Vientiane, Laos Thai Consulate there are essentially no additional documents beyond your passport, photo and application fee. In Hanoi, they require a hotel booking, flights in, flights out etc. Covid has made everything yet more complex, but you should be able to find the docs you need on the website of your local Thai Consulate  AFAIK, extensions don't require anything beyond the application form and the fee",Thailand,t5_2qjw5,/r/Thailand/comments/pyxe5y/covid_information_travel_tourism_and_general/hhttfl8/
50,0,1634959197,"Hi! Do you know if normal healthy, unvaccined, people will be able to travel to and in Thailand without being punished with 10 days quarantine? Also are they able to enter public venues, malls, temples etc  without ""covid passport"" ? Thanks",Thailand,t5_2qjw5,/r/Thailand/comments/qdgtlv/im_an_expat_living_in_bangkok_that_works_in_the/hhpbm4m/
51,0,1634452638,"Never overstay if you can avoid it. You can‚Äôt leave and return like usual so just follow the advice of many and get the covid exemption. The overstay is a red flag in your passport and will leave you open to extortion. It‚Äôs not so bad technically if you just pay the fine but the immigration office sees it as an opportunity to say there is something wrong that can‚Äôt be fixed without their help, which will cost you.",Thailand,t5_2qjw5,/r/Thailand/comments/q9qpee/forced_to_overstay_my_visa_by_a_week/hgyfspi/
52,0,1633749468,"Most countries require that if you are a citizen of that country, that you must use that country's passport to enter it. In addition, with the difference in covid entry requirements for Thais vs foreigners and the many more documents required for foreigners to get COE approval for entry, she certainly would want to use her Thai passport. If she enters on her US passport without a visa, she would only get stamped in for 30 days.  Most countries understand that people may have different name versions if they hold multiple passports or if one has a maiden name, for example. You just need to show both passports to prove that the name is the same person. As far as ticket purchase and check-in, there are 2 options: A) book the ticket under the Thai name and use this to check-in as well. The USA does not have exit immigration control so there is no problem matching up the name to a non-existent entry record (assuming she last entered the US as an American) OR B) book the ticket under her US name but show the check-in staff both passports so they can notate in the system that she is entering via a Thai passport and thus isn't subject to foreigner entry rules. HOWEVER, option B may cause some issues as airline staff are sometimes not trained well to handle this situation and it may delay her check-in or cause her to miss her flight if they have to keep checking with supervisors to try to understand what to do. I would recommend option A since this will not cause any issues at check-in or for departure from the USA. Should Border Services agents actually do a spot check at the gate (very infrequent), she can show both passports and they will notate it to explain how a Thai person with no entry record is exiting the USA. This will not be a problem in any way and is routine in that situation.",Thailand,t5_2qjw5,/r/Thailand/comments/q4covt/does_it_matter_if_last_name_on_thai_passport_is/hfxs6x9/
53,0,1632962594,Halfway down this article they say Walgreens went with CLEAR  https://www.macworld.com/article/353620/iphone-covid-vaccine-passport-app.html,Thailand,t5_2qjw5,/r/Thailand/comments/pxkzo2/us_cdc_vaccination_cards/heskci7/
54,0,1632116271,"&gt; I thought the offenses could have been related to overstay given the similar.  There's no need for overstay right now because of Covid, you just have to go to the immigration department every 2 months to extend your visa, they approve everyone. Many people have been living here on just tourist stamps in their passport for about 1.5 years now.",Thailand,t5_2qjw5,/r/Thailand/comments/prn5bm/thai_police_helped_arrest_a_malaysian_transgender/hdk50op/
55,0,1630853155,"In regards to Insurance I deal with Pacific Cross . A lot of expats use them. They are very good to deal with . My contact is Jamie Edwards . He works directly for the Company. His email is (jamie.e@th.pacificcrosshealth.com).  You can always drop him a line if you wish and ask a few questions.  Basically I just went on the website and got the info and sent my Passport up to Ottawa by mail from Nova Scotia. Now I realize things are different with Insurance COE documents, Hotel booking etc.  I would advise you to come into Phuket via the Sandbox program. You don‚Äôt have to do quarantine, just check into one of the approved Hotels . They will do a Covid Check and then you are free to explore the island. After 2 weeks you can go to other parts of the Country. As a Canadian you don‚Äôt have to bring money over. Immigration will accept letter from the Canadian Embassy. Your best bet is to go to the CRA website log into your account and print off a Proof of Income letter.  That‚Äôs one reason I like Chiang Mai because of the Canadian Consulate. They are super helpful there.  Assist Thai Visa is the Agent I use in Chiang Mai . They are very professional and have close Thais with the Expat Club .   I am in Phuket at the moment, but hope to get back to CM soon.  Actually Jamie Edwards used to work in Bangkok at Pacific Cross head office , but he is based in Phuket now. Hope this was some help. Cheers",Thailand,t5_2qjw5,/r/Thailand/comments/phbtlu/non_immigrant_oa/hbox3dx/
56,0,1630556079,"Yeah, it's probably a good indication of what they will accept as inbound proof, if that is what the user above is asking. As the article states:  &gt;Several vaccine passport solutions have begun to roll out in different countries across the world with the most recent one being in Thailand. The idea is simple and a vaccine passport aims to give travelers a physical or digital record to verify that a citizen has been fully vaccinated and authorized for entry.A vaccine passport will most likely be part of the mandatory travel documents people need to present to travel in the near future and according to a recent article published by local media The Thaiger, Thailand has introduced their version of an international vaccine passport certifying Covid-19 immunization.  I was just looking at entry [requirements for Spain](http://www.exteriores.gob.es/Embajadas/BANGKOK/en/Noticias/Pages/Articulos/How-to-enter-Spain-from-Thailand,-Cambodia,-Laos-and-Myanmar---Traveling-in-times-of-covid-19.aspx):  &gt;‚Ä¢ To have had the last recommended dose of the vaccine at least 14 days before entering Spain.‚Ä¢ Only vaccines authorized by WHO or by the European Medicines Agency (Pfizer, Moderna, Astra Zeneca, Janssen, Sinopharma and Sinovac) are accepted. Astra Zeneca shots made in Europe, India and South Korea are also accepted, **but not those made in Thailand by Siam Bioscience, as it has not yet been approved by either WHO or EMA**.‚Ä¢ The vaccination certificate is accepted in Spanish, English, French or German.‚Ä¢ The vaccination certificate must include the name and surname of the applicant, date of vaccination and doses, type of vaccine and number of doses administered, issuing country and identification of the issuing body of the vaccination certificate.  They talk about a certificate and not a passport but sure they will accept the Thai passport, so long as it has the details which I think will be standard on these types of docs.",Thailand,t5_2qjw5,/r/Thailand/comments/pfi2to/covid_information_travel_tourism_and_general/hb9yywa/
57,0,1630375305,"I got an email through from Samitivej Sukhumvit Hospital. They offered me Pfizer for September 4th. It was in my spam folder so make sure you check yours if you registered on the expatvac website.   &gt;The appointment for your COVID-19 shot (Pfizer) is September 4, 2021, 1:30PM - 3PM at Samitivej Sukhumvit Hospital. People with any of seven underlying diseases or at least 12 weeks pregnant must present evidence and personal identification at the vaccination site. The evidence can be a picture of medical records containing information about the specific disease or pregnancy, or prescriptions in the patient‚Äôs name. Evidence of underlying disease should be no more than one year old. If the hospital finds that any information provided is incorrect or does not match the information on your passport, Samitivej Sukhumvit Hospital reserves the right to refuse your vaccination.",Thailand,t5_2qjw5,/r/Thailand/comments/ovhvw2/covid_information_travel_tourism_and_general/hb092lm/
58,0,1630036985,They haven't permanently suspended the visa exemption program. This is more like a COVID preventive measure than anything else.  &gt; The OP can now visit Japan for 2 weeks with a Thai passport vs 90 days on his American one.  Wow that's something to be very proud of.,Thailand,t5_2qjw5,/r/Thailand/comments/pbg4lh/obtaining_citizenship/haikdrg/
59,0,1629990698,"While you can't get in ""trouble"" they can rescind or change your dates. Personal experience - husband and I both did extensions on the same day. The office had his expiry date 10 days before mine. We questioned it, they changed the date in his passport, didn't change it online. Our next covid extension was completed for the same dates,two weeks later we received a call from immigration telling us we had to return to the office and that dates would be changed.  Friends on an STV, already had the 2 extensions, tried to change to the 60 day covid in Satun and were denied. That was in June.",Thailand,t5_2qjw5,/r/Thailand/comments/pb6tw8/any_chance_of_changing_stv_visa_to_something_else/haflk8o/
60,0,1629871598,"Yeah there are quite a few documents that need to be submitted. I can see why some people will find this annoying. But i think if you inform yourself in time and know what you have to do it's okay. You mostly have to pay for things and then upload receipt. All document have to be uploaded at the COE (Certificate of Entry) website where an embassy staff will approve it or let you know what's missing. In the end they isue you the COE.  Those are the required documents:  \- your passport and visa copy   \- visa supporting documents i.e. marriage cert and wife's id    \- proof of vaccination   \- covid specific insurance   \- flight booking   \- hotel booking   \- PCR test bookings   \- something called a SHABA certificate that the hotel will send you after your booking  You have to plan a bit with the timing of what you need when, i.e. if you just got vaccinated you gotta wait 2 weeks before flight and things like that.",Thailand,t5_2qjw5,/r/Thailand/comments/pb23p0/im_on_day_5_of_the_phuket_sandbox_if_you_have_any/ha9f4q9/
61,0,1629776034,"There's no vaccine/travel passport set up yet, I don't think they've even agreed on how that system'll work - we only have a name for now ([Thai Covid Pass](https://www.bangkokpost.com/thailand/general/2169923/thailand-to-shift-strategy-to-learning-to-live-with-covid-19)). Need to wait and see how that one plays out and whether it'll be the same thing for travel and venues, or two (or more) separate systems.  You should receive a paper record of some sort after the second shot though.  You should also be able to enter the details from that paper into the Mor Prom app, which should show your vaccination status (Thai language only, of course).",Thailand,t5_2qjw5,/r/Thailand/comments/pafcqs/to_those_who_received_both_your_covid_shots/ha4bwsi/
62,1,1629779166,"There is a travel passport - its the yellow book.  Can't be bothered to upload a photo, but you can google it.  I got mine yesterday.     I did make a post on thethaiger with details.  Here -    https://thethaiger.com/talk/topic/2775-thailand-covid-19-certificate-of-vaccination-vaccine-passport/?do=findComment&amp;comment=41584",Thailand,t5_2qjw5,/r/Thailand/comments/pafcqs/to_those_who_received_both_your_covid_shots/ha4hf4f/
63,2,1629782862,"It's literally what they call it in all the media.  It's a document for travel.   I'm just answering the op's question with details.  Pretty much everyone is calling it the vaccine passport, so whether you accept it or not is up to you...  To repost the Bangkok Post link where they call it the Vaccine Passport   https://www.bangkokpost.com/thailand/general/2102771/thailand-adopts-use-of-jab-passports   ""The government has announced it will adopt the so-called **vaccine passpor**t, a certificate of vaccination, for use with Covid-19 vaccination in Thailand as an official travel document for those already vaccinated against Covid-19 and travelling to other countries.""",Thailand,t5_2qjw5,/r/Thailand/comments/pafcqs/to_those_who_received_both_your_covid_shots/ha4n1us/
64,3,1629782936,"But it's not the Thai Covid Pass mentioned in my first link, which will allow access to restaurants, etc.   That's what most people consider a ""vaccine passport"" to be, IMHO.",Thailand,t5_2qjw5,/r/Thailand/comments/pafcqs/to_those_who_received_both_your_covid_shots/ha4n5k7/
65,0,1629380242,"Because ""AztraZeneca"" is technically not a vaccine, it's the company. And that company has licensed several different versions of the vaccine.   The UK is vaccinating people with Vaxzevria (formerly known as Oxford AstraZeneca). Vaxzevria obviously has full EU approval.  India (for example) is vaccinating people with AstraZeneca's Covishield and Covaxin. These vaccines haven't gotten full EU approval yet so theoretically you can't get the vaccine passport or whatever. It's pretty dumb but surely will get sorted out soon.  https://qz.com/2026656/the-eu-digital-covid-certificate-excludes-the-covishield-vaccine/  This article is already out of date, but does explain the initial situation.",Thailand,t5_2qjw5,/r/Thailand/comments/p7dmck/will_europe_recognise_my_covid_jab_as_a_thai/h9j4y0v/
66,0,1629106884,"Pleasant:  Civil marriage, in and out very quickly.  Wife renewal of passport. Done in less than an hour, a similar process takes weeks back home.  DLT: First driving licenses made very quickly with translation of my original license. Renewal at a DLT during covid, I didn't know you had to take appointments beforehand and they were all filled up for the next 2 months. After a quick 2 minutes pleading, the lady in charged added me to the list. Came back a week later and did my 5 years renewal pretty quickly.  Immigration: usually no problem at all, unless... you get the vicious asshole from Phuket immigration who sadistically enjoy rebutting applicants with a new daily document requirement.",Thailand,t5_2qjw5,/r/Thailand/comments/p5av6j/whats_your_most_pleasant_and_unpleasant/h94yvpk/
67,0,1628264146,"Reality: Only 37% of US citizens have a valid passport and many of those people will hesitate to travel to a country where an American has either died in an accident or been killed at a crime scene that was subsequently trampled by gawking locals. They'll even warn their friends about the place.  Fantasyland: 30% of adult US citizens refuse to get a free and widely available Covid vaccine or even wear a mask because reasons while 650,000 US citizens have died due to the Coronavirus Pandemic in the past 18 months alone and not many people in the US of A will hesitate to gather with the locals or hop on a plane and go party with the locals in another part of the country, completely fearless and unworried about catching the virus and having their grave trampled by a bunch of gawking locals.  tl;dr: don't trust Americans do behave in a rational manner.",Thailand,t5_2qjw5,/r/Thailand/comments/oyz91p/how_burmese_workers_in_phuket_feel_right_now/h7y2kkp/
68,0,1627918955,"This is about their internal digital Covid passport, it's not that Thai AstraZeneca is not valid for travel for people coming from outside the EU. It was misreported.  &gt;However, the digital passport isn‚Äôt a mandatory document to travel to the EU, but it is a practical tool, which eases travelling within the member states, the statement also noted.  &gt;Fully vaccinated people, including those vaccinated with vaccines that haven‚Äôt yet been approved by the European Medicines Agency (EMA), are allowed into the EU, which have passed WHO‚Äôs Emergency Use Listing process.  &gt;‚ÄúThere is no obstacle or hurdle. Therefore, some recent reporting concerning the AstraZeneca vaccines‚Äô origins is inaccurate,‚Äù the statement reads.  https://www.schengenvisainfo.com/news/eu-delegation-to-malaysia-says-all-who-approved-vaccines-are-valid-for-travel-to-eu-including-covishield/",Thailand,t5_2qjw5,/r/Thailand/comments/ow7ef6/yesterday_i_registered_for_vaccine_from_expatvac/h7fum1o/
69,1,1627985080,"&gt;	Things happen even if you think you are fully prepared.  Forgetting evidence of your Covid vaccination before you board a flight these days is like forgetting your passport, or going to a concert and leaving the ticket at home.  Sure, bad things happen to forgetful and careless people as you yourself acknowledge, but OP is making it seem like it‚Äôs not fully his fault.",Thailand,t5_2qjw5,/r/Thailand/comments/owyidh/got_denied_on_my_flight_to_phuket_because_i_did/h7jb1nm/
70,0,1627855549,There are big protests going on all over the world against covid lockdown and vaccination passport policies.  Just because the corporate media isn't covering them doesn't mean they're not happening.,Thailand,t5_2qjw5,/r/Thailand/comments/ovrgho/protesting_on_dindaeng_road/h7d0lyr/
71,0,1627613152,"Well, there was a French expat retiree pissing and moaning on Facebook about how he won‚Äôt go back to France and be forced to get the vaccine and how Thailand can‚Äôt make him get vaccinated either.    Then someone asked what if they require vaccination for all long-term visa extensions.    Two days, no answer.    LOL.    Another guy, who I don‚Äôt think is American, posted that the only two things he needs to travel are his middle finger and a passport.    LOL.    It‚Äôs not just Americans that are raging assholes about this Covid stuff.  Lots of idiots everywhere.    Probably worse in the expat communities because expats are sort of independently minded people.    Many of them left their home country because they were unhappy or fed up there.     And a large percentage of those people are just unhappy people to begin with.  Turns out it had nothing to do with their home country.  ;-)",Thailand,t5_2qjw5,/r/Thailand/comments/otv9g7/import_used_cars_to_thailand/h71d7c6/
72,0,1627552251,"Excuse me, It was the British Chamber of Commerce. Here is what we received at work earlier this month:  Thank you for your patience. We are planning to send our list for vaccination to the Department of Disease Control at the Ministry of Public Health this Friday 9th July.  Therefore this list will close at midnight on Thursday 8th July.  We are focusing on the AstraZeneca vaccine.  Some have asked about vaccinations for their non-British spouses or carers. We will do our best to support these. Soonest please email the following details to ‚Äì greg@bccthai.com.  Name: Gender: Date of birth: Thai ID card number or passport number (if non-Thai): Address: Mobile number: Email (if applicable):  Best regards  Greg Watkins  To contact us by email:   General Enquiries: greg@bccthai.com Technical Enquiries: david@bccthai.com   To UnSubscribe from the ""Covid-19 Vaccination Group"" Mailing List, please click here. ‡∏´‡∏≠‡∏Å‡∏≤‡∏£‡∏Ñ‡πâ‡∏≤‡∏≠‡∏±‡∏á‡∏Å‡∏§‡∏© - ‡πÑ‡∏ó‡∏¢ British Chamber of Commerce Thailand 23rd Floor, M Thai Tower, All Seasons Place, 87 Wireless Road, Lumpini, Pathumwan, Bangkok 10330 Tel: +66 (0) 2651-5350-1 Email: contact@bccthai.com Location Map: Thai/English Copyright ¬© 1998-2020 British Chamber of Commerce Thailand, All Rights Reserved. Disclaimer/Terms of Use | Privacy Statement",Thailand,t5_2qjw5,/r/Thailand/comments/ots79t/another_vaccine_rollout_program_designed_to/h6xsfpx/
73,0,1627286455,"Looking at flying too Thailand Phuket sandbox   Currently in Australia with U.K. passport    Correct me if I‚Äôm wrong this is what I need   proof of vaccination RT-PCR test before arrival and during your stay in Phuket  COVID-19 Insurance  SHA+ Hotel in Phuket  2 weeks but can change after 1 week    Certificate of Entry (COE)   The coe what I‚Äôm not sure about   When I go to apply it gives you options As why you‚Äôre applying   The only option I fit In is   Tourist visa    When I click on this link is says   ‚ÄúApplication not currently available‚Äù  I read this is what I need online    Copy of the tourist visa, non-immigrant visa, or extension of stay with a re-entry permit or ‚Äúno visa for some countries‚Äù   Coe says I need a visa   Internet saying there is 60+ countries that don‚Äôt need visa   Any info or advice would be great   Thanks",Thailand,t5_2qjw5,/r/Thailand/comments/ob9tve/covid_information_travel_tourism_and_general/h6kc0a5/
74,0,1627166449,"Native Thai, need to pay 2 years worth of taxes on my vacation rentals as well as visit family.  The first name on my Thai passport is spelled differently than on the COVID Vaccine card, I am wondering if I should enter the country with that or use my US Passport.",Thailand,t5_2qjw5,/r/Thailand/comments/oqnbdx/foreigners_that_are_planning_on_coming_to/h6ewqu7/
75,0,1626480785,"Is it ok to come to thailand in September? I just want to rent a place, eat or drink in restaurants, go to yoga, go to co-working. I work online and want to stay. I have a Canadian passport. Will it be safe? Will it be enjoyable? Will the covid restrictions be manageable?",Thailand,t5_2qjw5,/r/Thailand/comments/ob9tve/covid_information_travel_tourism_and_general/h5gm9hb/
76,1,1626519202,"Well, I know I'm in the minority, but I'm not impressed with how ""organized "" it is. (Sorry for the typing, I'm on the phone).  The first time i was out in around 45 minutes or so.  Second shot, i was there for 2 hours.  To get to the 9th floor you wait for really slow elevators as people gather all around you. Then everyone crams into the elevator up to the 9th floor.  The entire process is indoors in a narrow L shaped corridor.  There were 9 stops.  9. No reason it couldn't have been 2 or 3. Besides the around 150 or so numbers I heard called while i was there, there were dozens of workers (no wonder all these health workers keep testing positive).  Most of them were unnecessary and shouldn't have been there.  There were no accommodations for covid, it was just the usual snap the ""system"" into place and it hopefully fits what you're trying to do.  The number of people up there and the time spent there should have been limited at every chance.  Nothing was cut out and it could have just as easily been a pre-covid event.  And I don't think the spacing between chairs was sufficient at all.  But it doesn't even matter as much when you are in an enclosed space like that, worsened by the crowds.  The 30 mns waiting time should have been cut out for safety concerns. If someone feels unwell, they can return.  People should have been let go and allowed to remain in the area or not far away.  I've never had more than a cup of orange juice and sent away when vaccinated in the past.   Then i get handed a pathetic little piece if paper that says ""Thailand certificate "" for covid vaccine.  It's useless.  Then i was told I had to go to one of only three places to get a vaccine ""passport"". So i had to travel to nonthaburi arrived at 6AM and spent another 3 hours indoors with more people not really respecting social distancing.  One lady checks the papers, then you hand them to a lady at a window at 6.30. At 8 am she calls your name and hands them back to you, telling you to go upstairs where you start again.    So total I spent 5 hours indoors, not including two round trips traveling, in two days.  Probably there will be many posts following telling me I'm a shit head, been it's caused great anxiety.  I stayed in or traveled thru more than a dozen countries on 4 continent's since end of 2019, I've been safe so far, but so totally vulnerable the past two days.  Villa was a madhouse just now too, it's ridiculous.",Thailand,t5_2qjw5,/r/Thailand/comments/ob9tve/covid_information_travel_tourism_and_general/h5i5frf/
77,0,1626251939,"As far as I am aware, no one has been denied the Covid visa extensions yet. I've also been staying on this since March last year and most of the people I see at the immigration center at MTT are all obviously working here. I even saw a Laos passport holder in work uniform as she came to extend her tourist visa.",Thailand,t5_2qjw5,/r/Thailand/comments/ojzgtj/is_immigration_allowing_people_to_stay_in/h54u33u/
78,0,1624438193,"Maybe they need him there but I would assume not. I'm never usually required to be there for that kind of thing. Often, as long as my wife has a signed copy of my passport she is fine. Just make sure the signature is in blue ink! She was refused once when I used a black pen because it could have been a photocopy of my signature.  Just be aware that the country isn't very open right now and will require you to have vaccination papers for covid-19 and to quarantine for 14-days on arrival. I think that's changing in a few months though. Do check though. I haven't entered the country in ages because covid etc so I'm going on what I can remember hearing.",Thailand,t5_2qjw5,/r/Thailand/comments/o68egz/how_long_does_it_take_to_get_id_in_bangkok/h2qynhy/
79,0,1623969118,"Hey everyone!     I am moving to Thailand and my flight is on July 6th. I will be teaching there and have received all of the documents from my school. As soon as I received the documents, I followed the pre-covid directions and sent all of my materials in. Through perusing the internet, I found that I should have applied for the visa online prior to sending my passport and such to them. It was a careless mistake but when I called and listened to the recording about a visa, it was never once mentioned. Oh well.   I applied online, printed the barcode sheet, typed up a letter, and mailed that in separately from my other documents (passport and flight info). I've called several times and have done all that they have asked me to do, although the gentleman has been hard to understand. I think he was on a speakerphone.    I am just freaking out and nervous that I won't have it back in time. I know that there is still time but can someone tell me how long it has taken for them to get their visa back from the Chicago consulate once they received their documents? I know that there isn't much I can do and I don't blame them as I know they are trying their best; however, my anxiety heightens every time I see ""post your passport and e-visa appointment"" on the status page.    Thanks in advance! :)",Thailand,t5_2qjw5,/r/Thailand/comments/npgv93/covid_information_travel_tourism_and_general/h2580cy/
80,0,1623701329,"You normally swap over mid flight, enter/exit UK on UK passport and enter/exit Thailand on Thai passport. This is actually how country's want you to do it, if citizen of a country always enter on that ID.  Do not mix them up, ie enter country on one, exit on the other, as it could cause to be on overstay or classified as an illegal entry on your foreign ID.  Covid and Thai COE system has made this a bit more difficult when going to Thailand though, as your flight check in is tied to your COE, not sure how people getting around that",Thailand,t5_2qjw5,/r/Thailand/comments/nzrubw/is_dual_citizenship_with_thai_being_one_half_of/h1ror83/
81,0,1621852665,"&gt;If so, you can ask your local motosai or a trusty person to do it for you for a few hundred baht. He/she would need a signed copy of your passport and most likely a power of attorney form.If there's no amount indicated on the receipt, they probably want you to be there while they inspect the package and assess the duty  There is an amount on the receipt given, 259thb with a chop of 20thb, probably not worth paying someone else to pick it up for me  I was hoping there was some way to just pay the fees online and have it delivered the last 4km since I want to avoid going out with so many covid cases recently  Its a small package, I don't get why they can't just bring the package here and have me pay the duties on collection.. entirely defeats the purpose of giving my exact address for shipping lol",Thailand,t5_2qjw5,/r/Thailand/comments/njr62l/thailand_post_customs/gz9c4az/
82,0,1620694516,"&gt; Can I come to Thailand next month as an American?   Yes, if you're willing to quarantine.  &gt; How long can I stay?   I think the tourist visas are 60 days, but there's probably ways to extend that or switch to a different visa. I'm not too sure about this in the COVID era though.  &gt; How do I know if my passport needs to be renewed, and if so, how do I go about that?   Uhh, look at the expiry date then subtract 6 months (as most places won't give you visas in the last 6 months anyway)? I don't know who to contact in the US to do it, probably state department or something, if overseas your embassy.",Thailand,t5_2qjw5,/r/Thailand/comments/n26q29/covid_information_travel_tourism_and_general/gxod4jq/
83,0,1620273237,"There's no check at immigration. Covid aside, as long as you have a valid passport, you could be released from of a British jail tomorrow and fly straight to Pattaya (as many apparently do).  There are background checks for certain jobs (e.g. teaching) which I think will involve a police record check in whatever country or countries the applicant has lived in recently. But there are plenty of jobs for which this isn't a requirement.",Thailand,t5_2qjw5,/r/Thailand/comments/n5yc2j/can_foreigners_enter_thailand_with_a_criminal/gx42aam/
84,0,1619682070,"Hi. Before you even enter Thailand, you need to have your flight ticket and ASQ hotel reservation in order to apply for CertificateOfEntry (COE). You can look for ASQ hotels on agoda website. I booked directly on Eleven Hotel Bangkok website. They will send you a confirmation that is required when you apply for COE, along with your flight information and passport, visa, picture, so on. When you arrive, you get through the Covid19 taskforce, they will check all your documents, especially your RT-PCR test and ASQ reservation, and if everything is okay, you will be guided to your hotel representative that is waiting for you, and transported to the hotel, where you will check in and stay in your room for at least 7 night, if you are fully vaccinated, or 10 to 14 night if you are not, depending on where you come from. You can't leave the hotel until finish your quarantine, after that you are free to roam around, but these days traveling to other provinces became more complicated, due to actual covid surge.   Here you have the link to COE: [https://coethailand.mfa.go.th/](https://coethailand.mfa.go.th/)   The link to agoda ASQ: [https://www.agoda.com/quarantineth?site\_id=1889763&amp;tag=f8047e92-390e-44f5-94bb-faf31a283dc2&amp;device=c&amp;network=g&amp;adid=483191748886&amp;rand=12332152868745169702&amp;expid=&amp;adpos=&amp;gclid=Cj0KCQjwsqmEBhDiARIsANV8H3by7N-ll7fcI-TZkzW4ZMLF\_h5bxbk9-wIuQG4eYkSfXnCKfHLLshMaAsDQEALw\_wcB&amp;checkin=2021-04-30&amp;checkout=2021-05-05&amp;adults=1&amp;childs=0&amp;rooms=1&amp;los=5](https://www.agoda.com/quarantineth?site_id=1889763&amp;tag=f8047e92-390e-44f5-94bb-faf31a283dc2&amp;device=c&amp;network=g&amp;adid=483191748886&amp;rand=12332152868745169702&amp;expid=&amp;adpos=&amp;gclid=Cj0KCQjwsqmEBhDiARIsANV8H3by7N-ll7fcI-TZkzW4ZMLF_h5bxbk9-wIuQG4eYkSfXnCKfHLLshMaAsDQEALw_wcB&amp;checkin=2021-04-30&amp;checkout=2021-05-05&amp;adults=1&amp;childs=0&amp;rooms=1&amp;los=5)",Thailand,t5_2qjw5,/r/Thailand/comments/mvz9sh/what_is_considered_valid_proof_of_vaccination_for/gw9t4pp/
85,1,1619733935,"Nope. Thailand is not under any sort of travel ban issued by the US right now. You‚Äôll need a negative COVID test taken within 72 hours of your departure but that‚Äôs it.   When you say dual passport it makes me think you refer to dual US and Thai citizen. If that‚Äôs the case, even if there was a travel ban you‚Äôd still almost certainly be able to get to the US. All existing travel bans have carved out exceptions for US citizens, permanent residents and their immediate family.",Thailand,t5_2qjw5,/r/Thailand/comments/n1c67b/possible_for_dualpassport_thais_to_come_to_us/gwcoy96/
86,0,1619346522,"It depends on which immigration office you go to so the best bet is to go and ask them. We had to fill out the regular extension form, covid extension form, confirmation of over stay fines, photo, copies of passport pages and TM6. Some offices want an embassy letter or TM30, but we've never had to provide them.",Thailand,t5_2qjw5,/r/Thailand/comments/my2y3o/covid_relief_extension_for_visa_exemption_stamp/gvt0316/
87,0,1619012292,I have south African friends with similar issues with their home country not issuing the new passport on time. Point here is that you shouldnt wait till the last moment to sort it out. We've been in this Pandemic for 1.5 years if your friend is South African surely she knows that under normal circumstances it takes long to get a replacement passport. Not smart to travel during covid outbreaks while on an almost expired passport especially not going to an island. Should have sorted and pleaded with immigration before going on holiday. It's a matter of priorities...,Thailand,t5_2qjw5,/r/Thailand/comments/mrhi7h/girlfriend_stuck_on_koh_lipe_lives_in_phuket/gvblqcx/
88,0,1615818979,"I mean, the same is true about almost any travel documents. My negative COVID test was an email confirmation that I was negative which I could've easily created in Adobe or Word. The Polish Border Guard didn't even know how to read English and I had to point to where it said negative and tell them in Polish what it meant. Same for my other travel documents except US passport - I had to enter based on a Polish birth certificate and parent's Polish passports because they weren't letting Americans into the country. I could've created that document in Adobe also without them having a way to verify it. At the airport I saw someone boarding based on a letter from work that they needed to travel to Poland. All they did was let the lady at the counter read the letter off their phone and all travel restrictions were waved. Who's to say that was a real letter? Right now you could easily fake multiple travel documents necessary for flying during COVID except maybe passports.",Thailand,t5_2qjw5,/r/Thailand/comments/m5d373/routes_to_recovery/gr0l2d9/
